runcat,eta,V,maxFlux,medFlux,avgFlux,coord_datapoints,newSource,RA,RA_err,Dec,Dec_err
1,0.502486904078994,0.127213352668348,0.000561604971232948,0.000437907871962909,0.000464607260293123,8,N,267.26791862336,0.000982820576043731,-32.2532903448017,0.000982820576043731
2,3.49949207029537,0.128892604404398,0.00191842986909953,0.00140305294440769,0.00146630384181976,10,N,267.234119192467,0.000878571888176153,-32.1303825212836,0.000878571888176153
3,17.478060195912,0.244259464101585,0.00191842986909953,0.00139550448345512,0.0013763079777691,10,N,267.233782072541,0.000878635331338911,-32.1300918182462,0.000878635331338911
4,2.94690234827903,0.432258613036763,0.000913933985044865,0.000379302592576853,0.000465528753062444,1,N,267.225731391364,0.00278022371703322,-32.3749459177225,0.00278022371703322
5,0.839934078874329,0.116638508228952,0.000549459012887715,0.000517822826467927,0.000490218599970871,9,N,267.22654699683,0.000926614679863265,-32.2505240120959,0.000926614679863265
6,3.06255135306956,0.208375993928184,0.00136904748170122,0.000824722328347494,0.000892596003601754,10,N,267.204467161153,0.00087882184458451,-32.1663658685775,0.00087882184458451
7,0.913521499558547,0.0966294090256224,0.000585572475640622,0.000530297070123235,0.000528734311143161,9,N,267.173604548403,0.000926326419956672,-31.8829634585563,0.000926326419956672
8,1.57261966315524,0.130212841521978,0.00152218836609486,0.00107916266437761,0.00113149912234928,10,N,267.17259996226,0.00087872394481498,-32.1874162428613,0.00087872394481498
9,13.3927348272457,0.100251613629314,0.0110664366429992,0.00846563351441291,0.00884431841438725,10,N,267.170292044772,0.000878480361403863,-32.0324095198975,0.000878480361403863
10,6.6674814822386,0.23569829398763,0.00152218836609486,0.00106133898220208,0.00106604103088278,10,N,267.172278396529,0.000878860891927258,-32.1871131341626,0.000878860891927258
11,37.9427741919813,0.306315352709968,0.0093639597361164,0.00841378736656199,0.00746005862628115,10,N,267.169727386868,0.000879121894073467,-32.0318049245823,0.000879121894073467
12,1.25829394361339,0.19345052773178,0.000639386544882886,0.000499180644915948,0.000501335752245922,9,N,267.158224141129,0.000926502592763666,-32.1570731658006,0.000926502592763666
13,1.68291183314672,0.180528590431547,0.000824647507087522,0.000583882117302951,0.000641037371958055,9,N,267.135158551724,0.000926438849567946,-32.3819069206264,0.000926438849567946
14,0.437217212008236,0.149762672633387,0.000403146734313184,0.000308419113347319,0.00031815668633342,6,N,267.116722334085,0.00113566892705016,-31.9170249628703,0.00113566892705016
15,1.62663030290778,0.310800937767497,0.000493801775289808,0.000272863304111341,0.000302221213699775,7,N,267.112111090403,0.00105149266878162,-31.9123077030508,0.00105149266878162
16,0.506039909951777,0.0918644894281629,0.000959611953438181,0.00078790732001616,0.000799549548918607,9,N,267.111437484476,0.000926403706973683,-32.4593859579872,0.000926403706973683
17,0.574154445266305,0.215387069865259,0.000289092224239621,0.000210849607339923,0.000206066648586098,3,N,267.103364347684,0.00160705314193858,-31.8175793052699,0.00160705314193858
18,1.09513400541799,0.260289357402052,0.000656021381187488,0.000421480233163413,0.000462219160849364,8,N,267.105556772066,0.00098340019682102,-32.4949351966762,0.00098340019682102
19,3.61593581807873,0.149844891040813,0.00130194319517312,0.00109866251842473,0.00108936219238669,6,N,267.097873589519,0.00113556921022102,-32.0989703795771,0.00113556921022102
20,36.1377971443516,0.355916624020672,0.0029178570575244,0.00157764035128608,0.00186903707476728,6,N,267.095228664747,0.00113435069560273,-32.0958169028624,0.00113435069560273
21,0.518417850990764,0.0980924305278468,0.000559942805043421,0.000476942577726486,0.000482016901565392,9,N,267.084686803291,0.000926684178257825,-32.0217470332856,0.000926684178257825
22,0.452174892769288,0.184961148961894,0.000465977280479329,0.000371812341540922,0.000370237938282619,8,N,267.078575102065,0.000983103908059277,-32.0883853548527,0.000983103908059277
23,0.54782508273915,0.112928305399777,0.000586498782788284,0.000460532767381315,0.000467060124695008,9,N,267.073315359794,0.000926642931398018,-32.0669689505793,0.000926642931398018
24,13.3269917445669,0.109798269032338,0.00753657784080573,0.00570201222677587,0.00595688113495176,10,N,267.069456525733,0.000878468774134862,-32.4193935696544,0.000878468774134862
25,4.31882312729853,0.0891435296593732,0.00397406361855712,0.00313544136250509,0.00325028621249526,10,N,267.057935496736,0.000878506996512728,-32.3024465441853,0.000878506996512728
26,5.93623295478245,0.0798570977372062,0.00485598240516595,0.00393425505303177,0.00404060123009974,10,N,267.049904163565,0.000878456581647417,-31.9222881570586,0.000878456581647417
27,6.35970850780335,0.127137953272604,0.00241475563868118,0.00185953097027973,0.00194636647441198,10,N,267.04767078741,0.000878669705469309,-32.3455582516837,0.000878669705469309
28,1.34058138133431,0.132895906305164,0.00101030848630618,0.00076805782363938,0.000801105078916162,10,N,267.045447112053,0.000879008195213531,-32.0694146910581,0.000879008195213531
29,0.613954985493238,0.110981001194389,0.000676115337973779,0.000576889021738922,0.000577585682466628,8,N,267.040323298858,0.000982817946023843,-32.3075449842371,0.000982817946023843
30,0.884291830699139,0.0839027269666356,0.00134308647941853,0.00110371300288355,0.00115008782740144,10,N,267.037015243333,0.000879011865920762,-32.1059381717439,0.000879011865920762
31,2.8852065499804,0.16990263573583,0.00134308647941853,0.00108625236376486,0.00109308907797441,10,N,267.036728342191,0.000879118350510558,-32.1056603099567,0.000879118350510558
32,1.95777261039831,0.219671860873853,0.000812328163255993,0.000498187525404159,0.000536462031340345,7,N,267.018131747367,0.00105058254578057,-32.3450474296594,0.00105058254578057
33,0.388384439345802,0.211549777069554,0.000566783409800875,0.000431773961242446,0.000423008513536244,8,N,267.013944268669,0.000982905953689404,-32.279743216638,0.000982905953689404
35,6.27883022941235,0.25625283807385,0.00223403315448264,0.00127425121243349,0.00145494163784102,10,N,267.004707484655,0.000878768434929461,-32.3771941845294,0.000878768434929461
36,0.777535409576457,0.159048223092381,0.000642599889068649,0.000457763723335811,0.000465000046082559,8,N,267.004327187376,0.000982711926579693,-32.2245629086034,0.000982711926579693
37,0.338180693602482,0.104105215311198,0.000339727712800216,0.000287863873922163,0.000288028958537266,7,N,266.996199962988,0.00105144519291233,-31.7818451599589,0.00105144519291233
38,2.43811381227318,0.321066460037888,0.00102447024991056,0.000556530503170456,0.000661045261593167,7,N,266.990011061175,0.001050541776376,-32.3561311752178,0.001050541776376
39,0.462282974291189,0.195461537223702,0.000376272538438378,0.000253853970608058,0.000267479630929662,5,N,266.978708191633,0.00124398119315305,-31.8212741319588,0.00124398119315305
40,1.41243177939606,0.227415456266856,0.000701847848748177,0.00047681741527246,0.000512197047477326,8,N,266.964167265458,0.00098278416324103,-32.1614151494179,0.00098278416324103
41,0.40609596650025,0.0891707424904281,0.00052549284985945,0.000452047860729703,0.000462324616165536,9,N,266.946417110309,0.000926678484946534,-31.9514135821169,0.000926678484946534
42,0.629471826449134,0.162268294573714,0.000675816857680875,0.000469542164543511,0.000494685282112813,8,N,266.946236867547,0.000982694414061378,-32.1612299221281,0.000982694414061378
43,1.35312114910055,0.135427858868026,0.00112093008579838,0.000833727660805647,0.000886312955440787,10,N,266.940485613171,0.000879131432716177,-32.1780352829057,0.000879131432716177
44,6.05506365858173,0.0653947732203774,0.00640163838326902,0.00545396001339898,0.00563578864410343,10,N,266.919586295361,0.000878464676355258,-32.5053192290355,0.000878464676355258
45,0.468683088993682,0.148362616886899,0.000667767885198975,0.000487052079592059,0.000507010404868893,9,N,266.918011929493,0.000926931717244915,-32.449788352556,0.000926931717244915
46,1.06392227552616,0.275293941334659,0.000314155229791188,0.000237266566439838,0.000215343072877933,5,N,266.913012585088,0.00124441610079922,-31.8759926422106,0.00124441610079922
47,45.4632021499193,0.121741811482993,0.0151940686420083,0.0114900561558768,0.012157673331752,10,N,266.911969342217,0.000878445061443038,-32.3252646769196,0.000878445061443038
48,0.570431315067885,0.109913967561002,0.000769220734247423,0.000589435079384438,0.000613016640221495,9,N,266.887456837772,0.000926633190788006,-32.3925508010655,0.000926633190788006
49,1.25522321719322,0.0986902364262407,0.00120926793374599,0.0009775650541674,0.00102818911530183,10,N,266.880776431834,0.000879131459965016,-32.1676793766535,0.000879131459965016
50,7.43415242942138,0.0658909065704036,0.00812828554817989,0.00697881267630981,0.00719468676233796,10,N,266.869018864959,0.000878475399722136,-32.2633167139313,0.000878475399722136
51,0.424719000491427,0.0886771152690258,0.000756157631092825,0.000619304807660522,0.000636388537710006,8,N,266.862765108287,0.000982578195457654,-32.6204726490541,0.000982578195457654
53,1.22780948771165,0.101970329818137,0.00131634518460192,0.00103758540978727,0.00107764122913939,9,N,266.838745030352,0.000926207143033165,-32.5285053844487,0.000926207143033165
54,1.50835040686287,0.0737827246777364,0.0028776529440075,0.00238392585003628,0.00246054385833832,10,N,266.835679904964,0.000878624538201203,-32.5206317021462,0.000878624538201203
55,17.0133720552793,0.139236727656504,0.0117573688508405,0.00814956383239525,0.00861882136077725,10,N,266.829615374639,0.00087845877669855,-32.1101836702919,0.00087845877669855
56,0.900441809266709,0.159547323438928,0.0006286838685573,0.000471936910997374,0.000472226491658383,8,N,266.828883535507,0.000982800285301117,-32.5899255527966,0.000982800285301117
57,0.474357087613003,0.120137334533786,0.000660688574197252,0.000500449784557437,0.000523024002629982,9,N,266.81812103548,0.00092670084849496,-31.7613277053903,0.00092670084849496
58,0.632551956144323,0.14387873948538,0.0014349753449515,0.00108983796341787,0.00116671961161729,8,N,266.808246874073,0.000982550348052409,-32.1130194885414,0.000982550348052409
59,0.86708868293965,0.163209908379907,0.00187533429781127,0.00123606719318146,0.00130460472800193,10,N,266.797902267787,0.000879257137206525,-32.4178327611591,0.000879257137206525
61,0.306443411502418,0.122678241192271,0.000382592358518334,0.000292468619743275,0.000300653290464083,5,N,266.790330808928,0.00124422404771792,-32.7239615931163,0.00124422404771792
63,8.26455585519671,1.39266500816229,0.0032137113294166,0.000173461980520102,0.000830926408850693,1,N,266.768321420975,0.002780893777915,-32.1284518676016,0.002780893777915
64,0.760713456190213,0.136117498487472,0.00137203542425623,0.0010190789684114,0.00107038221480278,9,N,266.765285918132,0.000926412454225494,-32.4403022768216,0.000926412454225494
65,93.813599622962,0.11719198101534,0.031120435590663,0.0240383562950389,0.0251094559256621,10,N,266.762967453917,0.000878429634903061,-32.1218921921295,0.000878429634903061
66,1.55805495918728,0.121042921882457,0.00100308723187867,0.000783380665082542,0.000817984943035757,10,N,266.760779771342,0.000879210463426515,-32.828286154203,0.000879210463426515
67,7.41386789321022,1.67479538469575,0.00176129439697025,1.85990913645332e-05,0.000404007801103789,2,N,266.758450634811,0.00197463846785434,-31.7547766385144,0.00197463846785434
68,13.4223188732514,0.0830146269690049,0.0131882812373863,0.010602340117918,0.0109609443996007,10,N,266.755820355923,0.000878442366386569,-31.7611914286792,0.000878442366386569
69,0.303385349777755,0.153717146212056,0.000661923622944482,0.000481395175369375,0.000495625142116717,8,N,266.752139637502,0.000982931707012249,-32.0700600710609,0.000982931707012249
70,2.49891196409502,0.121666817166368,0.00203416777531737,0.00160129554305108,0.0016689977450012,10,N,266.744817885653,0.000878789929921897,-31.6672309663596,0.000878789929921897
71,0.327920544093294,0.185087671432528,0.000349263466655639,0.000306501871860068,0.000297496769629301,8,N,266.739657400301,0.000983457406448542,-31.9268313484227,0.000983457406448542
72,0.819974052705943,0.121159437835068,0.00149585607594146,0.00109354173078668,0.00112965621273599,9,N,266.73562516384,0.000926249104113928,-32.4081298432049,0.000926249104113928
73,0.498809577719168,0.182925624435213,0.000657937477878505,0.000531077796556002,0.000524152018013338,8,N,266.735829882333,0.000982803044606535,-32.6006533713198,0.000982803044606535
74,18.4260916031413,0.272653218153391,0.0270748948946136,0.0139500422402321,0.0154013061207244,10,N,266.731424922769,0.000878495889870302,-32.4706145060668,0.000878495889870302
75,3.74173580416302,0.0930007273822867,0.00780909910235475,0.0060898192075992,0.00632272838120549,10,N,266.729488157352,0.00087853019707529,-32.4306853328687,0.00087853019707529
76,14.7106993828103,0.114301098547602,0.00730581824214,0.00552948895352218,0.00582004509613169,10,N,266.726890266025,0.000878468167441806,-31.6703238842498,0.000878468167441806
77,0.663457413430568,0.12099112162654,0.000915390658056462,0.000672498596086794,0.000703719339644936,8,N,266.707520018622,0.000982588120737334,-32.1307254888899,0.000982588120737334
78,11.9009479939977,0.078572478480672,0.00922504431907048,0.0076474955844355,0.00789669639007666,10,N,266.706346796288,0.000878458421876446,-32.0928162552993,0.000878458421876446
79,0.248995155742173,0.0809199801680438,0.000494094201990807,0.000426500555522031,0.000428074553219309,8,N,266.704533494979,0.000982926756696715,-32.055996692738,0.000982926756696715
80,1.00020817804132,0.179689170728583,0.00166595360924199,0.00128977577684564,0.00126146463050757,8,N,266.703159034552,0.000982331154628323,-32.5666606814371,0.000982331154628323
81,0.526512809966129,0.166435527246578,0.000323736841955086,0.000281947320269516,0.000265081161474198,6,N,266.694929454569,0.00113561798567018,-31.9265156869498,0.00113561798567018
82,0.870283950599587,0.111615304449104,0.000688767376602099,0.000564938088854132,0.000556403949130426,8,N,266.693518520412,0.000982603945027163,-32.3137580610604,0.000982603945027163
84,1.18012396052899,0.0829536683924438,0.00156937658470481,0.00134630403068517,0.00139579315963742,10,N,266.678112797087,0.000878881069193035,-32.2980759788232,0.000878881069193035
85,2.57565989739616,0.1075397735623,0.0025254533827458,0.00192692312292753,0.00203921397228645,10,N,266.677936860142,0.000878578435495479,-32.8032742371005,0.000878578435495479
87,1.39385960882572,0.337509367793937,0.000679791009025845,0.000326195819816583,0.000379484707699691,7,N,266.672259517712,0.00105122533250321,-31.9904076410561,0.00105122533250321
88,1.17151407076737,0.427613915663315,0.00101306107449677,0.000426823827046522,0.00050379707732254,7,N,266.662211596786,0.00105150762835104,-32.4767194274309,0.00105150762835104
89,0.725025332647355,0.169283122149978,0.000505364965502002,0.000377353101483632,0.000385669395802771,8,N,266.661734016603,0.00098325091560854,-32.1065320780887,0.00098325091560854
90,0.612528046795226,0.181147476871305,0.000630029669237135,0.000478460833565115,0.000474402173747007,8,N,266.660158516014,0.000982767411202766,-32.3075702154085,0.000982767411202766
91,1.35489802507522,0.170438724500751,0.00114740545615719,0.000808483968357509,0.000878429433160404,9,N,266.658667629002,0.000926324510822035,-32.18479940068,0.000926324510822035
92,1.20329081507686,0.225877496389708,0.000629828123927998,0.000375252119728941,0.000411450598984138,9,N,266.657743183329,0.000926950413576352,-32.7325802592247,0.000926950413576352
93,2.66486437913386,0.241605428243452,0.00116712222262093,0.000654706380144708,0.000716325637897127,10,N,266.647657337348,0.00087901117349496,-31.9247911635388,0.00087901117349496
94,1.35934471880516,0.141555175839846,0.00176847272679127,0.00123318781886018,0.00129550813292984,10,N,266.638315319995,0.000878998646228952,-32.0982170236765,0.000878998646228952
95,0.776959259316588,0.0831251048421215,0.00122776126221511,0.000996683271305095,0.00102836326142633,10,N,266.635310733892,0.000878873678214399,-31.850727747502,0.000878873678214399
96,0.87728796339079,0.152783746661035,0.000790707542010399,0.000550928278338148,0.000570318058370508,9,N,266.634808999514,0.000926526711308964,-31.7783010463847,0.000926526711308964
97,7.26426051771172,0.214872971887904,0.00122776126221511,0.000985484951429645,0.000960672075130906,10,N,266.635025927057,0.000879003306955172,-31.8504273150005,0.000879003306955172
98,3.36480702534511,0.165070357263579,0.00211086265543047,0.00146304834073349,0.001576320058116,10,N,266.628971240273,0.000878756406456008,-32.3538615715689,0.000878756406456008
99,2.54330823243154,0.18023618490828,0.0011177091507092,0.000800687175556703,0.000849714348973567,10,N,266.621654567867,0.000879008907036349,-31.8022207045618,0.000879008907036349
100,0.576269652563664,0.119399095687693,0.000720541067150871,0.00058052586817528,0.000584084611668294,8,N,266.618594781326,0.000982656670743731,-32.3551577919384,0.000982656670743731
101,0.885417073673142,0.213645218296012,0.000825875088563091,0.000487001803232731,0.000526022659672143,9,N,266.617228580435,0.000926788883307868,-32.3615222103665,0.000926788883307868
102,0.577240685385377,0.147529159697087,0.00044869258907169,0.000337755853951325,0.00033902396565253,7,N,266.613587013422,0.00105120167046785,-32.659279996648,0.00105120167046785
103,0.720337288058281,0.119481644485607,0.000846816604601277,0.000674479987175627,0.000686692300654119,9,N,266.613461341006,0.000926351271827442,-32.176450834874,0.000926351271827442
104,0.572613749544768,0.152625949367282,0.000497380167292374,0.000379470251250369,0.000396333155489172,8,N,266.606373702429,0.00098301778704222,-31.9701206725958,0.00098301778704222
105,1.75548812350185,0.447577945244491,0.000342982977252934,0.000170259054277625,0.000202357896065562,1,N,266.59198128811,0.00278373044152064,-32.0683137093243,0.00278373044152064
106,0.618624408703509,0.163190159785618,0.000433669164732814,0.000399951236017001,0.000374495761016382,8,N,266.590244996931,0.000983082570406462,-32.6728750124179,0.000983082570406462
107,0.679356448218911,0.165845578568312,0.000880102230111147,0.000651556152891361,0.000652963082185029,9,N,266.569233034299,0.000926364085670924,-32.6316830495813,0.000926364085670924
108,2.46373387988811,0.24772908602504,0.000734883669806868,0.000434726898333709,0.000493384590476986,9,N,266.566955662248,0.000926644347834536,-32.2063293114956,0.000926644347834536
109,146.349746689296,1.09025733262178,0.00215676753313142,0.000424490070905778,0.000722497481528794,5,N,266.565046618218,0.00124322680276542,-32.2340372181945,0.00124322680276542
110,0.348008302037617,0.177055944419426,0.000356360486408516,0.00028850514045897,0.000287316460972901,7,N,266.562125091351,0.00105138701066258,-31.9153512579334,0.00105138701066258
111,1.09179999715586,0.125191168131137,0.00129088774317079,0.00104767361084242,0.00106476043452008,9,N,266.555337511157,0.000926192229714381,-32.5426617034528,0.000926192229714381
112,0.843058225145805,0.197124825733225,0.000939869542739589,0.00058695277289177,0.000630293512554473,10,N,266.555157987254,0.000879549411438663,-32.7004414109176,0.000879549411438663
113,0.717980771854621,0.178658191269979,0.000545832733619263,0.000375490882266318,0.000392780973058462,8,N,266.551546790056,0.000983112180984257,-32.505622465057,0.000983112180984257
114,2.4140312723152,0.145116981516222,0.00121748090577237,0.00088521753068847,0.000941709768030273,10,N,266.540511434626,0.000878815127727078,-32.8196036506554,0.000878815127727078
115,1.03223289239331,0.132465667304693,0.000966428103537492,0.000723405189063366,0.000752858751674621,9,N,266.534729571792,0.000926386395080694,-32.5578455693551,0.000926386395080694
116,1.26908732936478,0.190208691405081,0.000867695629035283,0.000566805359766579,0.000604428279821416,10,N,266.532678951415,0.000879452440625657,-32.6696110555266,0.000879452440625657
117,0.983989016436336,0.132664080703648,0.00109930578044255,0.000793962627420171,0.000821074492462635,10,N,266.528634725504,0.000878978155052883,-32.7591274725754,0.000878978155052883
118,2.4995340883709,0.0994584469855399,0.00310453461631322,0.00236518408054605,0.00245666857059702,10,N,266.527501281783,0.000878518370466014,-32.188110477707,0.000878518370466014
119,0.368480753187908,0.148111762218617,0.000580567353137687,0.000415762861808104,0.000427751325799418,8,N,266.526537855077,0.00098312116160997,-31.7462645362839,0.00098312116160997
120,0.568106699803935,0.100172667625711,0.000661740157983465,0.00054283495265229,0.000563663547334922,9,N,266.525822663376,0.000926717393604981,-31.7093482624747,0.000926717393604981
121,4.0160991291029,0.493421545793301,0.000604700093683542,0.000318999525894212,0.000309425126634786,4,N,266.519131573262,0.00139065145659279,-31.9837328103006,0.00139065145659279
122,2.09975572945453,0.091196203044092,0.00224957344748713,0.00182226473023844,0.00186830603221075,10,N,266.511040920571,0.000878619231972409,-32.1988662291431,0.000878619231972409
123,1.58537427515933,0.197686682978817,0.00109962788936892,0.000685520561559125,0.000734460261510233,10,N,266.510227436737,0.000879065065550966,-32.1576789452846,0.000879065065550966
124,10.7062772890919,0.210965084707003,0.00224957344748713,0.00180188662359455,0.00176312433333339,10,N,266.510735033234,0.000878694616965255,-32.1985686050641,0.000878694616965255
125,4.12694098387203,0.216864751509548,0.00122068199702997,0.000891343837303643,0.000897149130706044,10,N,266.501554748447,0.000879193868220651,-32.6896893421759,0.000879193868220651
126,0.913292948204048,0.127554638159453,0.00101717546776778,0.000773989236206511,0.000811432479516821,10,N,266.50434131677,0.000879263373442903,-32.3442297095319,0.000879263373442903
127,1.99187189684483,0.134687234790262,0.00122068199702997,0.000904813061826413,0.000961921063010292,10,N,266.500986647555,0.000879038140806651,-32.6896056012571,0.000879038140806651
128,0.635190808835494,0.130975806179865,0.000509302534821898,0.000403535787058904,0.000421332846457745,8,N,266.492354443631,0.000982882173241181,-32.2823866441828,0.000982882173241181
129,0.313434729494836,0.0994886156507366,0.000540809601134903,0.000480110461848383,0.00047739000282593,9,N,266.489679708448,0.000926640895331866,-32.1341882693308,0.000926640895331866
130,13.7512086444227,0.115661116192865,0.00548340743806162,0.00425116440974029,0.00448613451252228,10,N,266.486414312242,0.000878463074326768,-32.4671479188183,0.000878463074326768
131,3.2148703243108,0.11997396737967,0.00366883750960698,0.00268357312538349,0.00281043403741236,10,N,266.479486275045,0.000878563494754144,-32.4067069023413,0.000878563494754144
132,6.95727836620978,1.65556341386819,0.000635729854083858,1.25181087748124e-05,0.000162693806920931,1,N,266.470079397855,0.00278133436767685,-32.2062517544759,0.00278133436767685
133,0.479356664204006,0.0845272369379396,0.000897789644392136,0.000792824265636121,0.000798439201389182,9,N,266.471066272085,0.00092673197216886,-31.7136076365593,0.00092673197216886
134,0.630074122757494,0.180685134263604,0.000533057922886328,0.000349286566462885,0.000384695877885233,8,N,266.469258710021,0.000983143304637937,-32.5996510792713,0.000983143304637937
135,9.30698465410288,0.107473667899725,0.00528429686784501,0.00397870468296298,0.00411809000532672,10,N,266.467173079027,0.000878446999506106,-32.2129090623637,0.000878446999506106
136,0.468598733060815,0.164876522892183,0.000657823051586888,0.000437152276206295,0.00045468716918227,9,N,266.458261920209,0.000926973108527786,-32.5596531594637,0.000926973108527786
137,1.96839993014496,0.122721677311151,0.0032512693228383,0.00241979502835386,0.00258493993356275,9,N,266.454803504804,0.000926063173069064,-32.5125593034447,0.000926063173069064
138,0.851286112247169,0.17233643977351,0.000461858198172971,0.000351951176134357,0.000355357133484311,7,N,266.453343844925,0.00105099943867789,-32.6126808166303,0.00105099943867789
139,12.892819212441,0.19274373770667,0.00650981111980437,0.00406670384830512,0.00449928609674613,10,N,266.447059634227,0.000878492537492083,-32.5186089642972,0.000878492537492083
140,1.4058389032583,0.210365617568509,0.000784977627126418,0.000486702167678333,0.000525462878345338,10,N,266.451050307162,0.000879574013829272,-31.9852837751019,0.000879574013829272
141,32.7642614247884,0.265829114216678,0.00950385510548951,0.00498979433877137,0.00558532692723203,9,N,266.447028616547,0.000925975097420556,-31.8425402359803,0.000925975097420556
142,0.779966306972976,0.107236892607483,0.00100256427454448,0.000852196166726032,0.000866733378996549,10,N,266.448758431876,0.000879666307813796,-31.6774973801983,0.000879666307813796
143,21.0831963959722,0.190795026971301,0.00566452348237908,0.00347214198652584,0.00378006547787832,10,N,266.444658163783,0.000878448707514368,-32.6493188128248,0.000878448707514368
144,55.8969846006484,0.255875547284434,0.00720539626573782,0.00440632315451325,0.00491597842904563,3,N,266.445333326925,0.00160383750320019,-31.8328961765058,0.00160383750320019
145,1.22906035089754,0.124611689654745,0.00117934473104173,0.000863867702966152,0.000905794864147259,10,N,266.440492286435,0.000878957256513775,-32.1902693065373,0.000878957256513775
146,0.872087049610173,0.118482857321092,0.000983462302128674,0.00075760549089596,0.000778539893720463,10,N,266.436849037849,0.000879269449508272,-32.3864881183799,0.000879269449508272
147,6.42700964210874,0.229181334740424,0.00117934473104173,0.000858331986414038,0.000839824355027911,10,N,266.440204287767,0.000879088617235612,-32.189994888172,0.000879088617235612
148,1.56477900224292,0.165882156387048,0.000725011104921364,0.000536531088846916,0.000560758161602345,10,N,266.434828761203,0.000879538544044203,-32.0033284313064,0.000879538544044203
149,1.07174359184861,0.322690040894334,0.000363931321115721,0.000186229345585466,0.000206462261799954,1,N,266.426910845986,0.00278365437205207,-32.229136735674,0.00278365437205207
150,1.41759917247808,0.133853260898737,0.000988323827626885,0.000758847694916322,0.000789504254022066,10,N,266.421781954848,0.00087926087417228,-31.9336255296588,0.00087926087417228
151,4.08513050425357,0.224003937477847,0.000988323827626885,0.000722839450009721,0.000744497569217078,10,N,266.421473943834,0.00087941257088163,-31.9333369787909,0.00087941257088163
152,0.217433037693865,0.114718348112363,0.000337425464443893,0.000264235219963325,0.000271411230956062,6,N,266.410041299276,0.00113583321931078,-32.7872688569907,0.00113583321931078
153,9.19434236152703,0.294353599371981,0.0022008299077531,0.00114190330468361,0.00130186759395031,10,N,266.405618895769,0.000878673411963693,-32.4119147619471,0.000878673411963693
154,0.615901475114814,0.0974558901522768,0.000760299719810931,0.000626996630941192,0.000641142618151905,10,N,266.397795834515,0.000879410715904209,-32.1050540689723,0.000879410715904209
155,1.42884100444816,0.114349242391591,0.00148182113015947,0.00111005130004209,0.00115289588103129,10,N,266.396849385955,0.00087871815866774,-32.124703919004,0.00087871815866774
156,8.2928137670924,0.220539404442927,0.00148182113015947,0.00108051179832946,0.00108600356073583,10,N,266.396548726422,0.000878801808660816,-32.124420012692,0.000878801808660816
157,0.899126241057751,0.249226244300079,0.000302417140296848,0.000189461016917783,0.000214713558349228,3,N,266.392572379842,0.0016066555955154,-32.2611174077314,0.0016066555955154
158,3.27295073230098,0.287595654882187,0.000837334167543456,0.000538069243354657,0.000557188557563683,9,N,266.385704885887,0.000926803013825585,-32.0780282484742,0.000926803013825585
159,0.818549388613059,0.152497016064769,0.000393628342859017,0.000307441802758159,0.000319744195316762,8,N,266.385501309599,0.000983333598639432,-32.1536113613125,0.000983333598639432
160,0.530457991916195,0.148039235446879,0.000633803819935709,0.000562939086457163,0.000550310448697642,9,N,266.383853995278,0.000926561973403278,-32.0328912407977,0.000926561973403278
161,1.27218512585084,0.219576163807455,0.000968096287141405,0.000572416903696917,0.000624166364715197,8,N,266.383635405807,0.000982620175937949,-31.9972798788442,0.000982620175937949
162,0.912821887740343,0.107897827271242,0.000938175914962888,0.000762430538156342,0.000804040543327695,10,N,266.366266630837,0.000879466962638268,-32.4319163774442,0.000879466962638268
163,0.648761211702724,0.139582550213013,0.000766796006199285,0.000649427818075481,0.000644177196028965,9,N,266.357866395802,0.000926441871043457,-31.9949752413569,0.000926441871043457
164,0.484586650085769,0.137148946166869,0.000351530154529152,0.000295775046203964,0.0002958026482949,6,N,266.351225665468,0.00113574851394901,-32.336087998101,0.00113574851394901
165,1.0117616913335,0.181943987387736,0.000455712056256542,0.000343283628929025,0.000358182329725802,9,N,266.342105623741,0.000927053298601141,-32.742480485586,0.000927053298601141
166,19.3518538846589,0.250487743103263,0.00446448182196735,0.00254081953208956,0.00295222310058901,10,N,266.337885750787,0.000878519410931414,-31.929260018196,0.000878519410931414
167,1.38464589161806,0.120576652247833,0.00103713120473386,0.000822161235319925,0.000857107558672571,10,N,266.332036332583,0.000879015588080909,-32.0690499939476,0.000879015588080909
168,0.343963292262995,0.149071783398877,0.000319753348982417,0.000249978510624222,0.000259013119454876,4,N,266.329361758419,0.00139174716866045,-32.2336267778865,0.00139174716866045
169,0.765012380171187,0.0976809151077499,0.006998301201072,0.00580871659438996,0.00604942771909291,10,N,266.327919923689,0.000879059538714576,-31.8577752010626,0.000879059538714576
170,5.67677752276189,0.0842059507187399,0.00783499231889605,0.00630812886881933,0.00644761260172528,10,N,266.324098686302,0.000878467992412157,-31.7464610298049,0.000878467992412157
171,1.22921208175527,0.100382804098224,0.00150341301027005,0.00120195558981805,0.00124945389931675,10,N,266.311995240271,0.000878768171853965,-32.0002989875835,0.000878768171853965
172,1.86666782682965,0.376947429193336,0.000346448973437911,0.000174596174217939,0.000211870127908288,2,N,266.31151082013,0.00196719053237499,-32.2238108278716,0.00196719053237499
173,0.407758985365024,0.132558932688269,0.00669379547836248,0.004891842796578,0.00517186893528141,9,N,266.306469221354,0.000926889217717835,-31.8664691273728,0.000926889217717835
174,9.4939613712558,0.592473794234453,0.0338348219492828,0.0100046550597707,0.0134033120221033,7,N,266.302839127733,0.00105104383742746,-31.8498319952342,0.00105104383742746
175,0.605612695673606,0.237784800230038,0.000463106690539902,0.000276448522653216,0.000295601637843805,6,N,266.303328422512,0.00113588229605358,-32.1796355311036,0.00113588229605358
176,0.506334174498785,0.112999732922182,0.0007699507775086,0.000605412482176246,0.000627075811495841,9,N,266.301389439161,0.000926506809869758,-32.389314392442,0.000926506809869758
177,1.4867829854804,0.0942998621583487,0.00123350800231265,0.00106303464097642,0.001088449449048,10,N,266.299367865011,0.000878983326245134,-32.2996126895626,0.000878983326245134
178,61.9010881002398,0.469184992944609,0.00486907824656674,0.00173727713470171,0.00223350883925425,10,N,266.289025030183,0.000878480204298846,-32.7712770007819,0.000878480204298846
179,9.52940508474778,0.141046368825608,0.00308957218632123,0.00231139376915633,0.00245476011441991,10,N,266.293542464667,0.000878512242767651,-32.290107885897,0.000878512242767651
180,2.87102235301967,0.211891863948434,0.00804720353227749,0.00519438161082458,0.00536379551232707,8,N,266.287816746637,0.000983058763508637,-31.7941744901592,0.000983058763508637
181,3.46733152099432,0.16758756245047,0.00123350800231265,0.00104496433428029,0.00102707724579692,10,N,266.298658662695,0.000879068821115244,-32.2998519974159,0.000879068821115244
182,1.07030236385884,0.244345724269731,0.000556459357223157,0.000349503798579777,0.000366635244923124,8,N,266.293280511545,0.000983274640668394,-32.074222396556,0.000983274640668394
183,0.580289041868562,0.232760011428603,0.000408542335043082,0.000282217742619491,0.000300083390922746,4,N,266.290670195935,0.00139114382431504,-32.5875127958487,0.00139114382431504
184,0.468120832109803,0.186944426105083,0.000481273993036302,0.000314080866375193,0.000347389213736899,9,N,266.289189258691,0.000927346763189047,-32.695084083537,0.000927346763189047
185,0.862351910677143,0.0957389063384517,0.00148374076969228,0.00115730931405178,0.00119966286929801,10,N,266.287827459392,0.000878750170006632,-32.1197960157663,0.000878750170006632
186,6.20859478394203,0.207812238081069,0.00148374076969228,0.00115128139710493,0.00113066797133786,10,N,266.287539683095,0.000878854344051344,-32.1195000538479,0.000878854344051344
187,0.402552634826258,0.250186133130417,0.00052434457065503,0.000347538395157729,0.000352832622003372,8,N,266.28318865973,0.000983267905743678,-32.5221400235301,0.000983267905743678
188,0.423384339687366,0.125888661069377,0.000664576810907456,0.000487555689694372,0.000522089373458751,9,N,266.276007661212,0.000926657464989461,-32.3223453293086,0.000926657464989461
189,4.7463241947882,0.162338290986865,0.00208355553334898,0.00141047260836372,0.00148747228049984,10,N,266.275756146947,0.000878611075227613,-32.0686017225012,0.000878611075227613
190,2.33132295367676,0.226129045908339,0.00101283462268156,0.000613195486723191,0.000689970291675435,9,N,266.272936608545,0.000926292263252526,-32.71082330559,0.000926292263252526
191,11.205900885024,1.54827107192521,0.00232326248442726,7.57603740431104e-05,0.000608637703640103,2,N,266.272627716335,0.00196693366175621,-32.4629386577386,0.00196693366175621
192,0.0815966762735282,0.0523268039545361,0.000331522906608826,0.000300070499955834,0.000303014390223165,8,N,266.272486236058,0.00098350627951599,-32.362249049845,0.00098350627951599
193,1.06856709727887,0.187374773087791,0.00066866071868125,0.000460442998198644,0.000515636965245285,8,N,266.271172033518,0.000982788362327579,-32.2959035527912,0.000982788362327579
194,7.9542116871858,1.73007250604321,0.00335462211156535,1.72575576671947e-06,0.000725634489826286,2,N,266.269781961534,0.00197397980506984,-32.4493907218596,0.00197397980506984
195,2.0990144437512,0.122282077735315,0.00179203109362834,0.00135870565623122,0.00142274624989598,10,N,266.269682144735,0.00087887327118234,-32.4122329316242,0.00087887327118234
196,24.1093730960334,0.100175775142796,0.0233487959818181,0.0178507002631412,0.0187376872472872,10,N,266.266907430282,0.000878432069455638,-32.4559938566464,0.000878432069455638
197,1.1687809794278,0.164309332677874,0.000783397802638162,0.000568110361850506,0.000611566297259502,10,N,266.259188643234,0.000879473481739112,-32.7466147376826,0.000879473481739112
198,32.9497052221371,0.359602878066936,0.00224213135967877,0.00138194065962185,0.00134486804135884,10,N,266.241585039555,0.000878718206155758,-32.6797848994701,0.000878718206155758
199,0.755574311998796,0.116433171417947,0.000836340020452468,0.000667973929744466,0.000687559567809443,9,N,266.239939170426,0.000926417231276661,-32.0293270456242,0.000926417231276661
200,0.20549074393484,0.127317988320441,0.000386560080264947,0.000337489925962163,0.000328755170938363,8,N,266.238596291523,0.000983252420147665,-32.3768514956864,0.000983252420147665
201,0.715061425203476,0.303050384315158,0.000335874021063231,0.000211383169501131,0.000220690770703748,2,N,266.237169856484,0.00196899956380897,-32.092896235207,0.00196899956380897
202,1.75041972814803,0.165036292052989,0.0013389274182055,0.000973118517841259,0.00105181686601923,10,N,266.233684150723,0.000879208482257857,-32.2785722515005,0.000879208482257857
203,0.387801531570087,0.127888474918384,0.000347759021526011,0.000271400734601584,0.000282673487756566,7,N,266.234725167943,0.00105172605199594,-32.1189770372041,0.00105172605199594
204,27.1283771821411,0.129962074510953,0.0166631950206964,0.0120811963534489,0.0128883769099894,10,N,266.229621505779,0.000878437734757058,-32.5669062358342,0.000878437734757058
205,30.658971757981,0.190633796742678,0.00709978628127195,0.0044501911958713,0.00483578070677356,10,N,266.220721919969,0.000878444477414724,-32.2807328176051,0.000878444477414724
206,2.19268355396603,0.180757691743071,0.000907526414201113,0.000625350375484547,0.000689394404226709,9,N,266.2162188165,0.000926288673918097,-32.1752594519253,0.000926288673918097
207,0.503131892008517,0.127676807050573,0.00124337612354016,0.000976120913212544,0.000988709203489259,9,N,266.20935158657,0.000926540359169484,-32.5512303331124,0.000926540359169484
208,1.8534486103225,0.159798846066551,0.00131564412213293,0.000904018427183923,0.000960389122089554,10,N,266.205015875689,0.0008789565500045,-32.6636989808899,0.0008789565500045
209,0.402727711847987,0.298518934447994,0.000416447822001215,0.000339540654687466,0.000323775705935595,7,N,266.20509711725,0.00105172772913959,-31.9448878563605,0.00105172772913959
210,11.5523993709053,0.181259112704634,0.00526757062291956,0.00331899734073193,0.00359659604292578,10,N,266.197366613528,0.000878482198445074,-32.6120682448067,0.000878482198445074
211,0.667022381601248,0.146860065139275,0.00050494675628727,0.000400370436326687,0.000414081857955892,9,N,266.193582933337,0.000926840492446673,-32.7304159058528,0.000926840492446673
212,0.799922076093747,0.453586810107479,0.000361659598780962,0.000202155077201786,0.000210539753050613,2,N,266.185114908775,0.00196802155624399,-32.6681731153516,0.00196802155624399
213,0.692822787352078,0.129561638372606,0.000474534619864074,0.000353605276821588,0.000365706747584025,8,N,266.185532970407,0.000982983480233043,-32.3608298544106,0.000982983480233043
214,1.18427183965516,0.152073983649916,0.00111912177544925,0.000782091814492291,0.000832793859295681,10,N,266.183581429704,0.000879002936201898,-32.2373395094855,0.000879002936201898
215,1.10141605528627,0.118280126131122,0.00190236253625125,0.00149557623630221,0.00160650533767982,10,N,266.180342366765,0.000879249764207987,-32.5979092439093,0.000879249764207987
216,1.1317457643533,0.147321170997599,0.00190236253625125,0.00148175472380717,0.00152847650748199,10,N,266.180040395941,0.000879371285074929,-32.5976273749054,0.000879371285074929
217,8.51557672571582,0.0807998034529026,0.00967735491758409,0.0081414398098597,0.00846323015108025,10,N,266.176542654385,0.000878473026351683,-32.5782428030935,0.000878473026351683
218,1.28567157102868,0.121260563871155,0.00118220768326534,0.000901007323303928,0.000919890626092964,10,N,266.171975332745,0.000878935184576475,-31.7171392037934,0.000878935184576475
219,0.600838145996919,0.131914676616244,0.000513964566654101,0.000424822101989009,0.000428353237485025,8,N,266.169475158952,0.000982999537657914,-32.1275891573972,0.000982999537657914
220,3.2710155462465,0.231713998372682,0.000848414770461173,0.000530140579451318,0.000578587765427245,9,N,266.166278039267,0.000926428820878235,-32.1939374792919,0.000926428820878235
221,1.12550026902171,0.285405451938748,0.000891879603993881,0.000506653371542244,0.000521654883345022,8,N,266.159808826664,0.000982763290676296,-32.0887592301724,0.000982763290676296
222,1.51345448801194,0.13496664119815,0.00170395752126487,0.00122909720289658,0.00129969785002884,10,N,266.155586777619,0.000878893658824618,-32.5400865655319,0.000878893658824618
223,0.887152709177571,0.154250838260536,0.000949392892164445,0.000634669457788518,0.000688258297234946,10,N,266.155008385811,0.000879437643618278,-32.3931565866633,0.000879437643618278
224,1.4787945621065,0.21783785662445,0.000946553405476728,0.00060868760284075,0.00067097011035022,9,N,266.151018836945,0.00092662150139167,-32.5642291693369,0.00092662150139167
225,0.477868713937598,0.299660800986683,0.000559516280487859,0.000361232616982929,0.000357748358504784,8,N,266.147628777657,0.000983272322237754,-32.5185620182118,0.000983272322237754
226,0.504096606708874,0.0926261297877854,0.000598333342531771,0.000508623676647828,0.000502408261571595,9,N,266.144995164482,0.000926651371779562,-32.280230778102,0.000926651371779562
227,3.24745432440455,0.1181379455548,0.00338521526671699,0.00251432108986967,0.0026122860653628,10,N,266.135291704048,0.000878591260458771,-32.1536868323237,0.000878591260458771
228,1.07095408767112,0.26716513112612,0.000935471755969493,0.000491623237287325,0.00054744469361114,8,N,266.133589633763,0.000982689259659176,-32.5208992698683,0.000982689259659176
229,12.3247183983611,0.274231106803749,0.00396148729347446,0.00202876900015938,0.00230913893124721,10,N,266.123037268354,0.000878532487517515,-32.6371710955935,0.000878532487517515
230,1.35703750946528,0.115264406704392,0.00124142622012606,0.000984056417956379,0.000990821858633341,10,N,266.127061019341,0.000879023591314036,-32.0606698769294,0.000879023591314036
231,6.72011570332511,0.232900325094493,0.00124142622012606,0.000976224912514809,0.000932590879761142,10,N,266.126744686386,0.000879173963484625,-32.0603795403389,0.000879173963484625
232,17.10219843394,0.156035957647336,0.00592879479055645,0.00417510839762244,0.00449343218418709,10,N,266.120497356732,0.000878488165037956,-32.1389523902315,0.000878488165037956
233,1.91132445094567,0.173048571009541,0.00123862174171076,0.000834042610039383,0.000900957435889619,10,N,266.120205762172,0.000878948577924787,-32.1992458254114,0.000878948577924787
234,0.389337686021353,0.167565286420289,0.000423337706381642,0.000319096760823368,0.00032684832273276,8,N,266.116688313238,0.000983163925915355,-32.3342979611917,0.000983163925915355
235,0.962881537200096,0.216897798411514,0.000381106498233556,0.000284753124827116,0.000277865044789755,5,N,266.110915370624,0.00124418716567576,-32.3728461199881,0.00124418716567576
236,1.22431952836657,0.323600418882697,0.000589971531461132,0.000287011874351779,0.000321983320695613,8,N,266.107499448078,0.000983337890457393,-32.7035406311253,0.000983337890457393
237,1.1865944650003,0.254483949530177,0.000641481076274193,0.000375575465417469,0.000411678681972992,8,N,266.108780274263,0.000983071137169717,-32.2420864122515,0.000983071137169717
238,1.27350566575806,0.0995749761033409,0.00123178060798965,0.0010172994438906,0.00103734707530854,10,N,266.107253953517,0.000879200052623369,-31.8902129544213,0.000879200052623369
239,8.32311802420289,0.113721615866879,0.00492531734743667,0.00364411018098607,0.0038015111275832,10,N,266.097100145574,0.000878460091735718,-32.5864007306225,0.000878460091735718
240,0.963451063461162,0.27809239364656,0.000306317304830659,0.000194496081756936,0.000199148928889454,2,N,266.085975062289,0.00196809991922055,-32.2928750780291,0.00196809991922055
241,0.363963031910785,0.159447412438886,0.000615360580452764,0.000414812531367031,0.0004353007544141,8,N,266.082775011201,0.000982843424908292,-32.5338840508963,0.000982843424908292
242,4.16136638443094,0.109836268946858,0.00335475523466613,0.00254125437771622,0.00263474689443157,10,N,266.071520206068,0.000878504731752599,-32.4507155968343,0.000878504731752599
244,1.29903873082003,0.141501789882454,0.00113626967124239,0.00081293545041068,0.000860343002087817,10,N,266.059609022985,0.000878981439033665,-32.235840072318,0.000878981439033665
245,1.26211386686258,0.244027284589153,0.000626289973176422,0.000381821515867892,0.000448945870849396,8,N,266.055752729031,0.000983000237247526,-32.2135672563061,0.000983000237247526
247,1.7680827739339,0.135635370878195,0.00192225835210159,0.00134997397156499,0.0014127321809583,10,N,266.045219502399,0.000878642216728325,-32.3252254395118,0.000878642216728325
248,8.96710653329749,0.243242849803154,0.00192225835210159,0.00133876506329126,0.00133251589530511,10,N,266.044908468997,0.000878750683042569,-32.3249374670513,0.000878750683042569
249,1.59768029209518,0.149055967690314,0.000918515109786098,0.000694794382919776,0.000738305061062,10,N,266.031943971536,0.000879122549987666,-32.3558571652332,0.000879122549987666
250,1.36142410454593,0.158720292005339,0.00080341851338958,0.000588245121119605,0.000617162145215695,10,N,266.020538249738,0.000879528079403809,-32.2678690576802,0.000879528079403809
251,0.561164025698256,0.1285208351352,0.000652871007878053,0.000497954540797563,0.000511940952392469,8,N,266.01001999428,0.000982935105904023,-32.1820904565696,0.000982935105904023
252,2.34918669214916,0.156040515938242,0.00186799020397091,0.00129836807785865,0.00139721004539497,10,N,265.98154055009,0.000878808633648255,-32.4495083634371,0.000878808633648255
253,1.52529328189634,0.109185509513086,0.00253274332179484,0.00190794550536314,0.00195231733131151,10,N,265.983818807253,0.000878675185238931,-32.045082810676,0.000878675185238931
254,7.77355271985469,1.54315380242939,0.00365406276716517,0.000183995509239989,0.000929698691256464,1,N,265.981572896765,0.0027823594319842,-32.1462950923511,0.0027823594319842
255,12.9397229218567,0.222879435769561,0.00253274332179484,0.00189272324424981,0.00184452359073685,10,N,265.983518920871,0.00087873555618142,-32.0447758845201,0.00087873555618142
256,9.61381926677829,1.65764512614085,0.00537348307099982,0.000150445556220466,0.00125361819716317,2,N,265.97896534211,0.00197303366654946,-32.1327637511977,0.00197303366654946
257,33.8036178913364,0.0945294917520421,0.0388020079810967,0.030294835110808,0.0310724944332557,10,N,265.976059398541,0.000878436163086323,-32.1394871846426,0.000878436163086323
258,7.86588179357405,0.113566776611304,0.00544965957867746,0.00404162326045965,0.0042408064651328,10,N,265.969824463368,0.000878467688059504,-32.4644485590984,0.000878467688059504
259,1.60611838285764,0.151281205338517,0.00137645352490178,0.00100778478719524,0.00108416918188286,10,N,265.96775771395,0.000879197799961744,-32.4780432765745,0.000879197799961744
260,0.963736965610808,0.1275606649224,0.00151299171153071,0.00118061009642601,0.00124444232983899,9,N,265.961998107272,0.00092642895330647,-32.100182219528,0.00092642895330647
261,0.582917427642129,0.0945604389389637,0.00134257958588179,0.0011236359299735,0.00114066681606167,9,N,265.961650330254,0.000926489967951553,-32.0998736291711,0.000926489967951553
262,0.28752265122223,0.0869361864695086,0.000525109651522036,0.000459354854780051,0.00045927410056071,8,N,265.945077345004,0.000982682871619277,-32.3323770512288,0.000982682871619277
263,2.92535203528161,0.114256140390806,0.00240105770112838,0.00178273274548148,0.00186855308694269,10,N,265.936340672694,0.000878578378713352,-32.4346667959005,0.000878578378713352
264,3.17241440310865,0.426463889920214,0.00169241647501555,0.000662247892265823,0.000787919754013408,10,N,265.935831463608,0.000879146371498444,-32.2979301105164,0.000879146371498444
265,12.2331184753606,0.23537340657293,0.00240105770112838,0.0017712314628204,0.00174915804210101,10,N,265.936065575071,0.000878677904228044,-32.4343753308975,0.000878677904228044
266,1.16406701720852,0.0700833123835222,0.00174505716551686,0.00149189104702686,0.00151854002699736,10,N,265.923283929224,0.000878655215880034,-32.3966483430937,0.000878655215880034
267,10.6923256380959,0.206154880066111,0.00174505716551686,0.00148712407548112,0.0014253650865985,10,N,265.922967549443,0.000878738221428601,-32.3963474286491,0.000878738221428601
268,15.8164164913773,0.110029508395989,0.00872660462012958,0.00660462535808106,0.00682948763109374,10,N,265.903608557064,0.000878478032927458,-32.133588838905,0.000878478032927458
269,0.767562534770255,0.232397869426411,0.000358812470395229,0.000269766962521289,0.000278585174719452,3,N,265.877143633105,0.00160668932295665,-32.2401498260552,0.00160668932295665
270,1.16099938091935,0.58394749844506,0.000509904839464566,0.00031267119775677,0.000283506199699318,7,N,265.877352264153,0.0010515196021912,-32.1908148890399,0.0010515196021912
271,11.077026392915,0.0905509236675846,0.0075555003559135,0.00591018022843859,0.00613044991749702,10,N,267.012539459031,0.000878458583472405,-32.1211340202947,0.000878458583472405
272,20.9253092084656,0.229845362387197,0.00632268909459618,0.00590580929255876,0.00557411710752271,10,N,267.012274770992,0.000878945121892279,-32.1208345281072,0.000878945121892279
273,3.27658269322638,0.103809470311925,0.00281967841080657,0.00216157221993121,0.00224571398664908,10,N,266.85309129954,0.000878517638164839,-31.9463442146785,0.000878517638164839
274,7.10680483123485,0.209737138717119,0.00244274709162997,0.00214737636656392,0.00205102971905237,10,N,266.85282499652,0.000879115813744168,-31.9460496382255,0.000879115813744168
275,3.7060853120339,0.0777382904582204,0.00441997964850351,0.00359101956430254,0.00369686185706814,10,N,266.795596685285,0.000878470723270548,-31.8832100627648,0.000878470723270548
276,17.2286896545234,0.238551563733124,0.00393321579422811,0.00356443320756922,0.00336616023803613,10,N,266.795336075205,0.00087897129214088,-31.8829104084326,0.00087897129214088
277,20.7776848557011,0.087512046715222,0.0200788478917746,0.0158221896246518,0.0164164483875456,10,N,266.774722229123,0.000878442979472765,-32.2946521147565,0.000878442979472765
278,38.4705382394074,0.235129436543263,0.0172418639386183,0.0157748884963477,0.0149187816127013,10,N,266.774464078042,0.000878764960138437,-32.2943720502727,0.000878764960138437
279,16.7652227962027,0.193522979477296,0.00959358337750578,0.00576757708752361,0.00623785668093648,10,N,266.687050608954,0.000878451636326959,-32.183799180819,0.000878451636326959
280,13.0789284312154,0.201105990088174,0.00632814492615434,0.00572708027778919,0.00552340858520884,10,N,266.686788123937,0.000878839518383614,-32.1835324033559,0.000878839518383614
281,12.238692916989,0.0968669501540005,0.0556016774673787,0.0431455622419098,0.0451810192648394,10,N,266.676332231341,0.00087846929930224,-32.532020713076,0.00087846929930224
282,24.5183900557293,0.23034492180987,0.0489837197737254,0.0428610149870928,0.0411250847679626,10,N,266.676077579826,0.00087882470721332,-32.5317255402722,0.00087882470721332
283,9.14107741649126,0.16413357262591,0.00394984948343989,0.0026402719069225,0.00273984696653753,10,N,266.073998648706,0.000878507168234409,-31.8521932326618,0.000878507168234409
285,8.74182632228908,0.117796995873887,0.00557302369648276,0.0040835071183602,0.00422610197677238,10,N,266.048839201582,0.000878463169994759,-32.0002876060502,0.000878463169994759
286,17.0434623120929,0.232805640082363,0.00428334066030886,0.00405747243014788,0.00380091691379289,10,N,266.048553786839,0.000879005086085087,-31.9999999498526,0.000879005086085087
287,44.5960138664272,0.272460553513831,0.00861306345846991,0.00493627343941795,0.0055815457121072,2,1.0,266.903591920558,0.00196533808627417,-32.3198302292248,0.00196533808627417
288,3.73087670614732,0.146200005978123,0.00216682449575826,0.00157782497078907,0.0016802701237417,8,2.0,266.240423891051,0.000982291068624235,-32.6911234644085,0.000982291068624235
289,19.1289833083326,0.279292924449036,0.00284632618806426,0.00260540881215953,0.00230449067162777,10,N,266.073488020706,0.000879185135785869,-31.8515737117209,0.000879185135785869
290,8.84084295349562,0.19101865589285,0.00284632618806426,0.00262345888952814,0.00246396435021241,10,N,266.073753984508,0.000879071767158687,-31.8518983484203,0.000879071767158687
291,1.00126609009545,0.19152275326446,0.000316506218256304,0.00027836320979297,0.000256235223650966,2,44.0,265.938885765969,0.00196631850758187,-32.4621904324263,0.00196631850758187
292,0.58289657702657,0.139645129170946,0.000344823986176358,0.000282320142062897,0.000278227919521169,4,43.0,266.029479424863,0.00139060566410542,-32.3280271040332,0.00139060566410542
293,0.849509905774764,0.198495054049401,0.000297611905612702,0.000215819199373684,0.000232527036500655,2,42.0,266.109755199631,0.00196698487985579,-32.285399644145,0.00196698487985579
294,0.245673773470797,0.0723832064101333,0.000890162900333027,0.000827265309619387,0.000834285469255813,7,41.0,266.140053038329,0.00105116082207745,-31.8349824719526,0.00105116082207745
295,0.654654059146115,0.131954066396164,0.000336787859910157,0.000303495604439852,0.000297469212534652,5,40.0,266.200386841573,0.00124369614712088,-32.6397362631621,0.00124369614712088
296,0.822290383115217,0.161591234761783,0.000359252975008466,0.000285646380123853,0.000296321809294936,5,39.0,266.246998166854,0.00124399708145944,-32.4986775841551,0.00124399708145944
297,0.535112141133815,0.190417470843936,0.000289557718000368,0.000204880138773676,0.000212824875104319,1,38.0,266.249044899516,0.00278151336190106,-32.0997991544462,0.00278151336190106
298,0.938764688494569,0.129867900466017,0.00073905986591278,0.000611319278895771,0.000643808594148346,7,37.0,266.278133773116,0.00105072254541093,-32.45456810632,0.00105072254541093
299,0.183886230803338,0.0487109671692976,0.000518917112656091,0.000482855639494137,0.000489357646251425,7,36.0,266.292463521343,0.0010505205221541,-32.301791712006,0.0010505205221541
300,0.570490434870849,0.152842871899492,0.000296114575005825,0.000246987764882473,0.000251806609859679,4,35.0,266.296766668548,0.00139072436751275,-32.8054912086707,0.00139072436751275
301,0.989381745640396,0.164381944621605,0.000417743780324787,0.000361774543591052,0.000349967601260772,5,34.0,266.300646062378,0.0012436891682472,-32.458068929587,0.0012436891682472
302,0.0779024871397727,0.0477231176415833,0.000300877881898463,0.000269735002939997,0.00027497951401329,5,33.0,266.364957556328,0.0012437435255608,-32.5887286342292,0.0012437435255608
303,0.19674937570167,0.0990028836102693,0.000232836893894203,0.000218555081036779,0.0002133736205485,1,32.0,266.469862366538,0.00278216713019454,-32.2366030649292,0.00278216713019454
304,0.534793282984894,0.0905583523145412,0.000462624237378766,0.000428099875834216,0.000416630473928185,7,31.0,266.506641104267,0.00105061538658292,-32.6903139354543,0.00105061538658292
305,0.139019184253558,0.0623071779503138,0.000314487925881234,0.000286567589757696,0.00028785173525469,7,30.0,266.533339627423,0.00105122223678026,-32.1277263782354,0.00105122223678026
306,0.340434287276041,0.10150564211196,0.000365912941685723,0.000299498895074837,0.000308257804545931,7,29.0,266.5519537493,0.00105133760082462,-32.5680875364831,0.00105133760082462
307,1.86568047729308,0.243040903135293,0.000400571420250273,0.000329692903006581,0.000312123346555932,6,28.0,266.614887931786,0.00113548334170338,-31.7975870780905,0.00113548334170338
308,0.212811962473591,0.0822394530954807,0.00030350960792224,0.000263486564031406,0.000263434949623931,3,27.0,266.615966390273,0.00160568220822044,-32.7636191826476,0.00160568220822044
309,0.183945279457446,0.0869132750041448,0.00026478139361267,0.000238738978281909,0.000238280735861852,3,26.0,266.629135747371,0.00160626363266004,-32.0209057392228,0.00160626363266004
310,0.279975513810815,0.126124805030297,0.000257467570018016,0.000236503944982356,0.000231035041684391,2,25.0,266.678653115088,0.00196707108617246,-32.2453155080427,0.00196707108617246
311,0.747753618132166,0.0571217318733699,0.00252240547863342,0.00226247792587241,0.00229162902478562,5,24.0,266.722005903996,0.00124250682411807,-32.4774458107606,0.00124250682411807
312,0.151385816990751,0.066423947911231,0.000486523198509661,0.000449423579679371,0.000451032547609332,3,23.0,266.724991552826,0.00160527866645225,-32.4362533684785,0.00160527866645225
313,0.315825939060426,0.0910247506684466,0.000409265660905682,0.000380100495953109,0.00036986670320256,7,22.0,266.742812066291,0.00105124660728139,-32.0888861467146,0.00105124660728139
314,0.12390772804866,0.0472583474851655,0.000515976148410147,0.000462241298825216,0.000468347926288733,7,21.0,266.743602823219,0.00105079600154372,-31.6804252401735,0.00105079600154372
315,0.11546679251558,0.0522963841871977,0.00071847506047419,0.000645664414400566,0.0006533457313105,6,20.0,266.751014469568,0.00113519104357027,-32.4782600400486,0.00113519104357027
316,0.963959082279257,0.108358877361707,0.000618487461509482,0.00051050498118552,0.000512101532599862,7,19.0,266.753707471686,0.00105041207594458,-32.8133221794875,0.00105041207594458
317,0.640159728381507,0.105802606779804,0.00100225677194287,0.000843993347756263,0.000835314035367637,6,18.0,266.752239024866,0.001134798559774,-32.469233357119,0.001134798559774
318,0.310710911794386,0.0948960449843209,0.000327896817492265,0.00030823380296054,0.000297156861671814,5,17.0,266.759161362521,0.00124382593252012,-32.3334802751142,0.00124382593252012
319,0.208814341246514,0.0709333805614019,0.000351766385650063,0.000327655794564357,0.000326202901229714,7,16.0,266.794569608119,0.0010511554218082,-32.0612889978558,0.0010511554218082
320,0.337543545303488,0.127199250647285,0.000290877174727231,0.000257199884471003,0.000255552646083278,3,15.0,266.797234104269,0.00160633720968648,-32.5051125082707,0.00160633720968648
321,0.335805658157744,0.101288792532323,0.000341718394202685,0.000312071083711587,0.000303827197682053,5,14.0,266.823206673772,0.00124379998173846,-32.2683562889658,0.00124379998173846
322,0.474141394855473,0.0924443418948122,0.000475426891044612,0.000427836467427944,0.000419013671510364,7,13.0,266.854662211849,0.00105087383253598,-32.2631021416109,0.00105087383253598
323,0.40523782229276,0.0860563016358277,0.000482337896708533,0.000435165447595355,0.000430145151349417,7,12.0,266.867140422908,0.00105076583384555,-32.7389999534374,0.00105076583384555
324,0.352270152633604,0.0803075603709027,0.000584156753248245,0.000535724073890025,0.000535565969695796,7,11.0,266.903271256301,0.00105087602075723,-32.3064649890792,0.00105087602075723
325,0.271382300499659,0.0929500318114283,0.000330897370240842,0.000292166287638192,0.000288522401310931,6,10.0,266.920704318845,0.00113544152399328,-32.1645351596646,0.00113544152399328
326,0.0192875495798306,0.0232874532159824,0.000399542657881603,0.00038239738524016,0.000383834227487969,7,9.0,266.922914492528,0.00105121432235293,-32.355070454919,0.00105121432235293
327,0.210799808060033,0.0831948796291699,0.000334408191807824,0.00031053821492774,0.000303630272387875,5,8.0,266.958826867244,0.00124399041060705,-32.3101478288919,0.00124399041060705
328,0.301815031567471,0.0862695258800273,0.000341146037688811,0.00028820173788498,0.000303940524673637,7,7.0,266.959901836867,0.0010511016502151,-31.9721115963957,0.0010511016502151
329,0.422858289560162,0.108085492956101,0.000403995935578195,0.000347391053704309,0.000361166075042367,1,6.0,266.990096120829,0.00278051577437428,-32.3601569269459,0.00278051577437428
330,0.550766989102675,0.104868102510674,0.000435236783613374,0.000359599286067582,0.000381423475374168,6,5.0,267.070969887386,0.00113508650384875,-32.3163298327448,0.00113508650384875
331,0.546897090149251,0.158954399530297,0.000333705118177119,0.000274730283405096,0.000267686346286849,5,4.0,267.075301487402,0.00124430257505543,-32.339243357026,0.00124430257505543
332,0.154954373546386,0.0639376525681919,0.000384578745617364,0.000346432805625341,0.000356887765633725,7,3.0,267.215435967444,0.00105122374842512,-32.4472654193446,0.00105122374842512
333,0.318718509403056,0.0877361907420556,0.000420421483145272,0.000403122988164039,0.000389231342786957,6,58.0,266.046528395362,0.00113532548025925,-32.020046810597,0.00113532548025925
334,0.862679032693353,0.175267239274245,0.00039441065035928,0.000311145863130933,0.00031162906710721,3,57.0,266.074175766337,0.0016056805840225,-31.8572644511648,0.0016056805840225
335,0.539279164243092,0.158669079487881,0.000449082972892545,0.000345484246496006,0.000353081749537492,2,56.0,266.1090000956,0.001967065152038,-31.8731752310983,0.001967065152038
336,0.663362319648347,0.167820742669792,0.000331895360792465,0.000281788197503195,0.00027918579599198,3,55.0,266.16936189738,0.00160620418884104,-32.0758737115855,0.00160620418884104
337,0.622101485707862,0.172063347135504,0.000458709870174526,0.000390541653075572,0.000382868911451517,2,54.0,266.349990751074,0.00196689644589472,-31.736612413749,0.00196689644589472
338,0.425960424965864,0.148206243632278,0.000263326284127927,0.000232724055804244,0.000227472315316221,1,53.0,266.358372918284,0.00278200874632757,-32.4856062193208,0.00278200874632757
339,0.333688134215087,0.107671818324331,0.000310984011024617,0.000255528409248847,0.000258398215753362,3,52.0,266.436349176931,0.0016062199572066,-32.5557380647548,0.0016062199572066
340,0.517324693281526,0.176293897686093,0.000269602540911566,0.000195460764145311,0.000209264029548113,2,51.0,266.552866213362,0.00196736528628163,-32.0784900926695,0.00196736528628163
341,0.43694320874085,0.162727392336619,0.000258139889835295,0.000194533144128456,0.000201567692190353,1,50.0,266.558904882902,0.00278260620854165,-32.0275081073291,0.00278260620854165
342,0.510757217096874,0.145595235225027,0.000278370921711346,0.000234156535547991,0.000235523123046887,3,49.0,266.93914032682,0.00160597824930826,-31.9447254764072,0.00160597824930826
343,0.297339713774608,0.109039925465526,0.000295826700671203,0.000250907289525945,0.000260276458551602,2,48.0,266.980594591231,0.00196683205347517,-32.2947994885671,0.00196683205347517
344,0.579667986036997,0.119121725074713,0.000429270628248343,0.000353527105884559,0.000356209308767377,6,47.0,267.044836146962,0.00113558523120373,-32.5020661735001,0.00113558523120373
345,0.554213871045707,0.147667821827238,0.00029925251534757,0.000259706465009195,0.000252583588080358,5,46.0,267.068227828227,0.00124429458543698,-32.0094449667154,0.00124429458543698
346,0.387929355937639,0.120779715867353,0.00030884310267157,0.000251320973980146,0.000258937704387752,1,45.0,267.255618865717,0.00278166325742574,-32.3247180512301,0.00278166325742574
347,0.964949441239328,0.278273872909,0.000284948091568116,0.000175729301563226,0.00019333152483361,1,64.0,266.147372742511,0.00278211446757685,-32.6287000785187,0.00278211446757685
348,0.416086972533635,0.126715612772615,0.000310495439166374,0.000252388933140094,0.000260700447579288,3,63.0,266.182387397454,0.0016062995870461,-32.4298968794909,0.0016062995870461
349,0.218627659027588,0.078827829890733,0.000338611184460861,0.000317642107448763,0.00031363138527711,4,62.0,266.519836002844,0.00139049135484648,-31.9842756350801,0.00139049135484648
350,9.33976451482121,1.53751100611308,0.00035446993038269,1.58335119573384e-05,0.000100412339563192,1,61.0,266.559911449943,0.00278017232854619,-32.1038625618609,0.00278017232854619
351,1.2308202760037,0.225536415329655,0.000316468888660774,0.000279415123537976,0.000255618036832918,3,60.0,266.823384601983,0.00160607413628899,-32.0466042176085,0.00160607413628899
352,0.0877929350838903,0.0688207153062327,0.000235358367035669,0.000215103172389207,0.000213606194959224,1,59.0,267.098489834487,0.00278265676621786,-31.9566714773079,0.00278265676621786
353,0.591154477931942,0.22006305044635,0.000272714392112776,0.000187912388237482,0.000205688484438931,1,70.0,266.246561677279,0.00278430842302393,-32.0823677163088,0.00278430842302393
354,0.0669094798200053,0.0450235748313812,0.000321250831532411,0.000311857075765203,0.000309156435494762,4,69.0,266.269153989531,0.00139085716520466,-32.4026010300786,0.00139085716520466
355,0.90413265179186,0.0881351892639746,0.000554387054076882,0.000489699904225561,0.000497050285141899,1,68.0,266.273557066269,0.00277940256740138,-32.7167156987762,0.00277940256740138
356,0.643124005004987,0.179879472718701,0.000263626768398518,0.000237109837173403,0.000226802565479941,1,67.0,266.484937590227,0.00278440397805572,-32.6297564425182,0.00278440397805572
357,1.33660143851958,0.250594518370153,0.000268994946768964,0.000228435500261481,0.000217167373549136,1,66.0,266.578701942087,0.00278264419237384,-32.698074170705,0.00278264419237384
358,26.7533736107188,1.17668765412325,0.000600851369947517,0.000184701313007833,0.000239305894155545,2,65.0,266.670903473664,0.00196575750529944,-32.2343140645609,0.00196575750529944
359,0.414277519986208,0.150765991224124,0.000225095497796549,0.000176860022664451,0.00019177136452876,1,85.0,266.049772801236,0.00278262899890319,-32.6289544022623,0.00278262899890319
360,0.497359867533948,0.17821723703385,0.000226766252792153,0.000200850015171051,0.000195171768214919,1,84.0,266.205775334383,0.00278347787240365,-32.1314597437802,0.00278347787240365
361,0.130006239206416,0.0460674546478036,0.00234182575326748,0.00230452641254369,0.00226393266415893,2,83.0,266.290886838904,0.00196551259487351,-31.791573020499,0.00196551259487351
362,0.909476242114306,0.21977444732449,0.00025622501346035,0.000197402600848237,0.000206807373359301,1,82.0,266.318980387754,0.00278173191316821,-32.6171437747594,0.00278173191316821
363,0.086851175778392,0.0618610692936033,0.000247764988038316,0.000223377374441222,0.000231252277714259,2,81.0,266.448895926055,0.00196770955621513,-32.143238458849,0.00196770955621513
364,0.88048234523356,0.228662305457246,0.000235043109567301,0.000201032743580672,0.000194335046405382,1,80.0,266.468072873978,0.00278273849481908,-32.1258261442791,0.00278273849481908
365,0.116514615684309,0.0621880529552805,0.000303104363720127,0.000281567976358282,0.00028424285981258,3,79.0,266.60145546954,0.00160612695769914,-32.6573650087978,0.00160612695769914
366,0.267379920631579,0.0982987913000002,0.000294402688497117,0.000250921619080969,0.00026443572812526,1,78.0,266.615957738637,0.00278161477811359,-32.41074687935,0.00278161477811359
367,0.0876789657592751,0.0533151592620274,0.000323289343302365,0.000308226010497995,0.000307355337968553,3,77.0,266.772934153376,0.00160606953985844,-32.3686853618676,0.00160606953985844
368,0.344822394808708,0.110638800311356,0.000304890356457565,0.000302944039964266,0.000285677528831126,1,76.0,266.953888189217,0.00278188756151503,-32.5621373962497,0.00278188756151503
369,0.0179542451216497,0.0233963689449589,0.000324801835125269,0.000313234316498984,0.000316351616144045,2,75.0,266.975479505816,0.00196676534476118,-32.4869471871163,0.00196676534476118
370,0.0412847300040824,0.0381588673882775,0.000314794447239682,0.000300761489289922,0.00030248648789538,2,74.0,266.976871355975,0.00196696323704973,-32.4829951697116,0.00196696323704973
371,0.0476429477926473,0.0393141800226532,0.000334533394892103,0.000324445889926536,0.00032276705712987,1,73.0,267.022711300966,0.00278094331825989,-32.4175593940303,0.00278094331825989
372,0.0835619031503315,0.0495891238041741,0.000292328335568622,0.000285101876639643,0.000280946741060132,3,72.0,267.083988251423,0.00160586026659859,-32.0070960870485,0.00160586026659859
373,0.107499902285101,0.0601395939892417,0.000285770342611658,0.000259922020014163,0.000267325577051286,3,71.0,267.157463992207,0.00160603205144395,-32.1952462423511,0.00160603205144395
374,0.129716092272858,0.0693656289699577,0.000296944548504673,0.000283060729227334,0.000283060729227334,1,94.0,265.874910594479,0.00278160298572072,-32.2160414243994,0.00278160298572072
375,0.0580993481325161,0.0497269263377903,0.000246996103497859,0.000238606174303965,0.000238606174303965,2,93.0,266.178463990288,0.00196789191287151,-32.6506542076961,0.00196789191287151
376,0.00539748444912177,0.0153910812878092,0.000237682068725456,0.00023512319060721,0.00023512319060721,1,92.0,266.472499276162,0.00278268283056772,-31.9717704816171,0.00278268283056772
377,0.0101261509440463,0.0178472173648168,0.000265702723083669,0.000262391373230094,0.000262391373230094,2,91.0,266.514964947334,0.00196691543337498,-32.1902356051639,0.00196691543337498
378,2.41121612979577,0.37731028654907,0.000235768866068098,0.00018611392093911,0.00018611392093911,1,90.0,266.616653037746,0.00278212953285535,-32.2525268558156,0.00278212953285535
379,0.00451487807683201,0.0128372686258863,0.000275022738995767,0.000272548727067094,0.000272548727067094,2,89.0,266.683674769886,0.00196735419783467,-32.6425346547336,0.00196735419783467
380,0.629864518571654,0.183306375384779,0.000225727672130916,0.000199826698738099,0.000199826698738099,1,88.0,267.057705806656,0.00278282807918209,-31.9604451610675,0.00278282807918209
381,2.52926010529498,0.416272197868483,0.000231851630245926,0.000179126069742727,0.000179126069742727,1,87.0,267.086664694934,0.0027823433200147,-31.8445925186888,0.0027823433200147
382,0.112190104707564,0.0653034156783844,0.000252421218696631,0.000241279766442193,0.000241279766442193,1,86.0,267.243526160709,0.00278263083260232,-32.2390163724495,0.00278263083260232
383,0.0,0.0,0.000250958501028993,0.000250958501028993,0.000250958501028993,1,98.0,266.316909673825,0.00278175392457424,-32.5869695251428,0.00278175392457424
384,0.0,0.0,0.000297731646950266,0.000297731646950266,0.000297731646950266,1,97.0,266.851535924397,0.00278197219492389,-32.4761129630703,0.00278197219492389
385,0.0,0.0,0.000311108147393523,0.000311108147393523,0.000311108147393523,1,96.0,266.874731520592,0.00278146514204305,-32.4566894856896,0.00278146514204305
386,0.0,0.0,0.000328339515495274,0.000328339515495274,0.000328339515495274,1,95.0,266.923661568256,0.00278206586512227,-32.3435714558165,0.00278206586512227
